ANTONY,webmaster@ville-antony.fr
ASNIERES SUR SEINE,info@ville-asnieressurseine.fr
BAGNEUX,contact@mairie-bagneux.fr
BOIS COLOMBES,bois-colombes@bois-colombes.com
BOULOGNE BILLANCOURT,sce.communication@mairie-boulogne-billancourt.fr
BOURG LA REINE,mairie@bourg-la-reine.fr
CHATENAY MALABRY,infos@chatenay-malabry.fr
CHATILLON,webmaster@ville-chatillon.fr
CHAVILLE,jean-levain@ville-chaville.fr
CLAMART,mairie@clamart.fr
CLICHY LA GARENNE,info@ville-clichy.fr 
COLOMBES,courrier@mairie-colombes.fr
COURBEVOIE,courbevoie@ville-courbevoie.fr
FONTENAY AUX ROSES,mairie@fontenay-aux-roses.fr
GARCHES,info@ville-garches.fr
GENNEVILLIERS,contact@ville-gennevilliers.fr
ISSY LES MOULINEAUX,iris@ville-issy.fr
LA GARENNE COLOMBES,infomairie@lagarennecolombes.fr
LE PLESSIS ROBINSON,mairie-plessis-robinson@wanadoo.fr
LEVALLOIS PERRET,votre.maire@ville-levallois.fr
MALAKOFF,mairie@ville-malakoff.fr
MARNES LA COQUETTE,mairiedemarnes@wanadoo.fr
MEUDON,accueil@mairie-meudon.fr
MONTROUGE,jean-loup.metton@ville-montrouge.fr
NANTERRE,etat.civil@mairie-nanterre.fr
NEUILLY SUR SEINE,accueil-standard@ville-neuillysurseine.fr
PUTEAUX,info@mairie-puteaux.fr
RUEIL MALMAISON,info@mairie-rueilmalmaison.fr
SAINT CLOUD,direction-generale@saintcloud.fr
SCEAUX,sceauxinfomairie@sceaux.fr
SEVRES,mairie@ville-sevres.fr
SURESNES,webmestre@ville-suresnes.fr
VANVES,servicesmunicipaux@ville-vanves.fr
VAUCRESSON,mairie@mairie-vaucresson.fr
VILLE D AVRAY,info@mairie-villedavray.fr
VILLENEUVE LA GARENNE,contact@villeneuve92.com
